{"train_loss": [0.18771517172851823, 0.024714250328725478, 0.014510740259806197], "val_loss": [0.1909609708221776, 0.22161186018348455, 0.21943617593445272], "train_acc": [0.9624401512887969, 0.9943084513303357, 0.9963853929063335], "val_acc": [0.9856749190796955, 0.9768830373545622, 0.9825037179599335]}